GROUP,PACKAGE,CLASS,INSTRUCTION_MISSED,INSTRUCTION_COVERED,BRANCH_MISSED,BRANCH_COVERED,LINE_MISSED,LINE_COVERED,COMPLEXITY_MISSED,COMPLEXITY_COVERED,METHOD_MISSED,METHOD_COVERED
tic-tac-toe,br.ufjf.dcc168.tictactoe,Main,19,0,0,0,4,0,2,0,2,0
tic-tac-toe,br.ufjf.dcc168.tictactoe.domain,Position,17,35,0,8,1,9,1,8,1,4
tic-tac-toe,br.ufjf.dcc168.tictactoe.domain,InvalidMoveException.Reason,0,35,0,0,0,8,0,3,0,3
tic-tac-toe,br.ufjf.dcc168.tictactoe.domain,Board,0,378,0,20,0,24,0,19,0,9
tic-tac-toe,br.ufjf.dcc168.tictactoe.domain,InvalidMoveException,0,11,0,0,0,4,0,2,0,2
tic-tac-toe,br.ufjf.dcc168.tictactoe.domain,GameStatus,0,41,0,4,0,7,0,5,0,3
tic-tac-toe,br.ufjf.dcc168.tictactoe.domain,Game,0,64,0,6,0,16,0,8,0,5
tic-tac-toe,br.ufjf.dcc168.tictactoe.domain,Symbol,0,22,0,2,0,4,0,3,0,2
tic-tac-toe,br.ufjf.dcc168.tictactoe.console,BoardRenderer,0,90,0,10,0,17,0,9,0,4
tic-tac-toe,br.ufjf.dcc168.tictactoe.console,ConsoleGame,0,113,0,5,0,32,0,9,0,6
tic-tac-toe,br.ufjf.dcc168.tictactoe.console,InvalidInputException,0,4,0,0,0,2,0,1,0,1
tic-tac-toe,br.ufjf.dcc168.tictactoe.console,MoveParser,0,44,0,2,0,7,0,3,0,2
tic-tac-toe,br.ufjf.dcc168.tictactoe.io,ConsoleOutputPrinter,15,0,0,0,7,0,3,0,3,0
tic-tac-toe,br.ufjf.dcc168.tictactoe.io,OutputPrinter,4,0,0,0,2,0,1,0,1,0
tic-tac-toe,br.ufjf.dcc168.tictactoe.io,InputExhaustedException,0,4,0,0,0,2,0,1,0,1
tic-tac-toe,br.ufjf.dcc168.tictactoe.io,ConsoleInputReader,26,0,2,0,8,0,4,0,3,0
